氏名,氏名（カタカナ）,電話番号,メールアドレス,郵便番号,住所,,,,
佐川恭子,サガワキョウコ,0766225239,kyouko_sagawa@afaavuhewn.xc.yg,927-1214,石川県,珠洲市,飯田町,4-13-20,
木戸詩音,キドシオン,0868793658,shion468@cmhuq.pos,702-8055,岡山県,岡山市南区,築港緑町,1-8,
田崎利津子,タザキリツコ,0865063005,ritsuko39180@znzl.am,714-1406,岡山県,井原市,美星町三山,2-20,
山田菜央,ヤマダナオ,017687133,nao_yamada@gonqqk.va,036-0122,青森県,平川市,尾崎里見,1-19-11,
沖田愛理,オキタアイリ,0947684396,qyvuc-xzdairi801@ljaqcus.gy,819-0371,福岡県,福岡市西区,飯氏,3-19-8,飯氏の杜307
安川正明,ヤスカワマサアキ,019396666,Masaaki_Yasukawa@emgvq.qjv,028-0103,岩手県,花巻市,東和町石鳩岡,3-13-12,東和町石鳩岡ヒル414
米田正昭,ヨネダマサアキ,0885377886,masaaki5154@vvur.fxs,781-0243,高知県,高知市,横浜東町,4-1-10,ゴールデン横浜東町202
菊地佳祐,キクチケイスケ,0321451763,Keisuke_Kikuchi@ljax.vb,106-0044,東京都,港区,東麻布,2-16-15,
藤本彩音,フジモトアヤネ,0349460191,ayane_fujimoto@aanihvy.ef,176-0012,東京都,練馬区,豊玉北,4-15-3,ロイヤルパレス豊玉北215
古谷力,フルヤチカラ,077895302,chikara277@kujarysy.nez,919-1544,福井県,三方上中郡若狭町,神谷,2-15-11,神谷パーク101
三沢空桜,ミサワソラ,0583609898,amisawa@xferyhaczf.gsukc.ybf,501-0802,岐阜県,揖斐郡揖斐川町,鶴見,1-19,
小幡富士雄,オバタフジオ,028502194,fujio9454@bpjpidqqo.il,322-0041,栃木県,鹿沼市,三幸町,2-3-12,三幸町の杜202
中野佐知子,ナカノサチコ,087365975,sachiko_nakano@gbjr.mv,762-0018,香川県,坂出市,神谷町,3-11,プレシャス神谷町105
梅村精一,ウメムラセイイチ,0229455337,lzvvfcfqoozbjfseiichi4017@svuezmow.gid,988-0512,宮城県,気仙沼市,唐桑町岩井沢,4-19-2,
石沢憲一,イシザワケンイチ,0765552100,Kenichi_Ishizawa@qedpr.nmq,939-2615,富山県,富山市,婦中町熊野道,4-4-5,ロイヤル婦中町熊野道216
大橋紗弥,オオハシサヤ,0856011517,saya_oohashi@levuwkw.sls,697-1201,島根県,浜田市,弥栄町栃木,2-11-3,弥栄町栃木シティ306
富山花歩,トミヤマカホ,025371852,Kaho_Tomiyama@agcuolgvlx.rku,959-3943,新潟県,村上市,下大蔵,1-15-17,
恩田陽菜,オンダハルナ,0958678122,haruna44112@mpcf.qez,817-1725,長崎県,対馬市,上対馬町泉,2-13-19,ハイツ上対馬町泉108
高山五郎,タカヤマゴロウ,0950886701,gorou22437@jbgzfkiv.ztka.crb,857-0026,長崎県,佐世保市,宮地町,1-19,
安東盛雄,アンドウモリオ,0175258005,morio358@ifmpi.dm,038-3161,青森県,つがる市,木造濁川,3-14-5,ステーション木造濁川101
大橋魅李,オオハシカイリ,0182145369,lidgiccjkyxskairi7875@jwui.oii.ra,013-0048,秋田県,横手市,安田原町,2-12-11,
高原美波,タカハラミナミ,076400113,minamitakahara@pobc.vcm.rze,929-1721,石川県,鹿島郡中能登町,井田,4-9-17,井田メゾン306
若林亜紀,ワカバヤシアキ,0982824243,Aki_Wakabayashi@bdcgm.zki,904-0112,沖縄県,中頭郡北谷町,浜川,2-1,浜川マンション406
冨永新治,トミナガシンジ,075476070,rgthqeshinji0873@pcsym.pse,561-0843,大阪府,豊中市,上津島,3-18-7,フォレスト上津島100
古谷信太郎,フルヤシンタロウ,086193092,obq=ocvxrvawshintarou1566@pvcn.fpq,714-0012,岡山県,笠岡市,小平井,3-20,
立川優羽,タチカワユウ,0893554658,yuutachikawa@zpywwr.xd.rqn,794-0024,愛媛県,今治市,共栄町,4-11-4,
本田英世,ホンダヒデヨ,025091432,qrgmpkibxv=o-auhideyo53343@xdntajm.zag,946-0037,新潟県,魚沼市,虫野,1-15,虫野スカイ110
小谷千咲,コタニチサキ,0573865874,ikotani@krfvckqtyw.ucw,500-8435,岐阜県,岐阜市,宮北町,2-18,
深谷翔子,フカヤショウコ,0287185247,ofukaya@fhqxbxrpj.pdu.uud,320-0811,栃木県,宇都宮市,大通り,1-18-16,
土居俊男,ドイトシオ,0532028516,ao=qzmkavlcktoshio3617@tcyogh.qk,410-0317,静岡県,沼津市,石川,4-11,キャッスル石川319
山野蒼衣,ヤマノアオイ,0921935035,aoiyamano@wqqsfw.dqi,824-0016,福岡県,行橋市,津留,3-19,テラス津留204
小原和之,オハラカズユキ,0797223638,kazuyuki88546@ahttzy.hpwq.wlc,656-2334,兵庫県,淡路市,釜口,1-12,釜口タウン212
阪本正次,サカモトショウジ,0798941039,shouji260@xfdzkqy.hl,662-0018,兵庫県,西宮市,甲陽園山王町,4-15-14,タウン甲陽園山王町401
川崎正人,カワサキマサト,096729594,masato43829@njum.sas,861-0913,熊本県,玉名郡和水町,板楠,3-4-7,
新川英紀,シンカワヒデノリ,0869467325,hidenori317@cgawqopa.ep,719-1312,岡山県,総社市,種井,1-19,コンフォート種井416
川島修司,カワシマシュウジ,0758209980,ikawashima@ulmgyvm.bt,586-0016,大阪府,河内長野市,西代町,1-15,
竹下明男,タケシタアキオ,0115606902,akio190@psrf.kg.ffp,060-0007,北海道,札幌市中央区,北七条西,4-9,
飯野慶子,イイノケイコ,0762613668,keiko1021@atcwolz.mkc,938-0031,富山県,黒部市,三日市,3-12-20,
芦田健志,アシダタケシ,0774804653,takeshi988@kzjt.wph,603-8136,京都府,京都市北区,出雲路神楽町,1-15-2,出雲路神楽町ハウス111
塚越五月,ツカゴシサツキ,0456788644,Satsuki_Tsukagoshi@ittzvfhkr.vezlz.vjt,221-0813,神奈川県,横浜市神奈川区,二本榎,4-20-7,
大貫英樹,オオヌキヒデキ,0798295571,hideki10293@wxzeyboiyf.siihi.jkv,653-0016,兵庫県,神戸市長田区,北町,3-1-17,北町ヒル405
城戸孝治,キドコウジ,0735971226,kouji860@kfpnzj.dtqff.ipb,640-8399,和歌山県,和歌山市,畑屋敷兵庫ノ丁,2-3,
藤崎修二,フジザキシュウジ,0463988451,elkdacshuuji218@vitfzquq.zu,252-0186,神奈川県,相模原市緑区,牧野,3-20-13,
相川美明,アイカワヨシアキ,098770364,iaikawa@ndnlikoh.iyl,882-0041,宮崎県,延岡市,北小路,1-16,
河原菜々星,カワハラナナセ,0770184203,iwe=mfit-dfgj-nanase906@pjshm.cb,917-0004,福井県,小浜市,大湊,2-6-7,
坂東敏男,バンドウトシオ,0980818461,toshio_bandou@asokbhv.mw,906-0503,沖縄県,宮古島市,伊良部伊良部,2-4-12,
谷章夫,タニアキオ,0932732269,akiotani@dcaumit.tou,832-0068,福岡県,柳川市,城隅町,1-3,
白井浩次,シライコウジ,0542194981,ishirai@istgskcwwf.psij.bhm,420-0038,静岡県,静岡市葵区,梅屋町,4-14-11,梅屋町ランド109
竹本晃一,タケモトコウイチ,0879077956,kouichitakemoto@ontlxtjj.se,761-2208,香川県,綾歌郡綾川町,牛川,2-16,牛川パーク105
東山兼吉,ヒガシヤマカネキチ,0996851423,kanekichi_higashiyama@wphyhkpm.pz,893-1207,鹿児島県,肝属郡肝付町,新富,3-16,新富レジデンス317
井手義美,イデヨシミ,0588220706,yoshimiide@kjchbvh.bz,500-8457,岐阜県,岐阜市,加納青藤町,2-15,
鶴岡信子,ツルオカノブコ,0986543884,nobuko456@ohyydss.xbga.non,906-0201,沖縄県,宮古島市,上野野原,1-15,上野野原グリーン315
堀江努,ホリエツトム,0989128543,tsutomuhorie@fsit.fx,905-0602,沖縄県,島尻郡伊是名村,諸見,4-3-16,
木戸里咲,キドリサ,0138203364,akido@vzjc.wn,099-4124,北海道,斜里郡斜里町,朱円,1-1,朱円パーク315
古市柚月,フルイチユヅキ,0762717693,yuzuki_furuichi@edxtyjeo.uic,930-1364,富山県,中新川郡立山町,天林,3-5-12,
小暮麻世,コグレマヨ,0962564512,mayo903@rtkmocnqck.phh,869-3604,熊本県,上天草市,大矢野町維和,3-5-6,
古市利郎,フルイチトシロウ,0241382670,toshirou488@utyiranrin.gymya.gc,960-0706,福島県,伊達市,梁川町北町谷川,3-5-12,
星実結,ホシミユ,0654313410,miyu46268@xcqj.ggj,581-0026,大阪府,八尾市,曙町,3-11,
海老原光希,エビハラミツキ,0739574398,mitsuki_ebihara@rljekx.ttm,646-1421,和歌山県,田辺市,中辺路町栗栖川,4-1-11,
飯野瞳,イイノヒトミ,0881460952,hitomi2424@hmwbb.zoy,786-0087,高知県,高岡郡四万十町,作屋,2-15-7,
北村良夫,キタムラヨシオ,0747424163,Yoshio_Kitamura@bvytkeqk.ha,633-0055,奈良県,桜井市,安倍木材団地,4-6-5,安倍木材団地タワー217
高見加奈,タカミカナ,074921326,atakami@ovituehh.hm.dl,521-0321,滋賀県,米原市,高番,4-1-13,
福本好,フクモトヨシ,0995684732,ifukumoto@tghtnxtkf.bxi,891-0405,鹿児島県,指宿市,湊,1-9,
篠田一輝,シノダカズキ,0231680847,kazuki1362@fluxsws.pbh,999-3512,山形県,西村山郡河北町,谷地中央,1-10,
石崎夏海,イシザキナツミ,0870688566,natsumiishizaki@xmdm.nu,761-0302,香川県,高松市,上林町,1-11-7,上林町キャッスル105
森本真紀子,モリモトマキコ,0556615124,makiko_morimoto@apmr.ym.psi,408-0304,山梨県,北杜市,武川町新奥,2-4,
吉澤詩織,ヨシザワシオリ,0897743917,ea-loqshiori0790@swmfp.hv,799-2303,愛媛県,今治市,菊間町浜,2-20-1,
大淵清香,オオブチサヤカ,0467247668,sayaka22112@beztwsxbpp.est,336-0917,埼玉県,さいたま市緑区,芝原,3-8-11,
千田由梨,センダユリ,0776648855,yuri5669@dgveetxth.nr,910-3402,福井県,福井市,鮎川町,3-13,
木戸瑠衣,キドルイ,0193366602,ikido@xnjar.mw,029-5614,岩手県,和賀郡西和賀町,沢内太田,3-20-12,沢内太田アパート319
森川颯太,モリカワソウタ,0859566276,soutamorikawa@kztggr.uz,682-0178,鳥取県,東伯郡三朝町,牧,2-13,
白石好,シライシヨシ,0880446389,yoshi_shiraishi@ydljci.pts,770-0902,徳島県,徳島市,西新町,1-18,
宍戸正次郎,シシドショウジロウ,0499603057,ushishido@jckknoqdt.ugo,365-0027,埼玉県,鴻巣市,上谷,1-18-19,上谷ガーデン303
菅谷徹,スガヤトオル,0857609934,tooru4204@hvhjoeq.on,682-0821,鳥取県,倉吉市,魚町,2-15,リバーサイド魚町306
伴遥菜,バンハルナ,018339286,haruna661@peip.zrk,013-0437,秋田県,横手市,大雄小林,3-18-9,
森脇庵,モリワキイオリ,0954409066,iori033@pvzfl.wsg.kqh,859-3613,長崎県,東彼杵郡川棚町,上組郷,2-7,
稲田結羽,イナダユウ,0243038752,Yuu_Inada@uysmgxcqbr.ey,979-2302,福島県,南相馬市,鹿島区南柚木,2-17-14,鹿島区南柚木庵104
唐沢亜実,カラサワアミ,0595665205,ami3095@qwbd.va,519-5712,三重県,南牟婁郡紀宝町,神内,3-18,
有賀博信,アリガヒロノブ,0265561055,hironobu1526@gpcfv.bt,387-0006,長野県,千曲市,粟佐,3-12-10,
金山新次郎,カナヤマシンジロウ,0892875544,sxxljp=oqlmmshinjirou81693@whjy.cx,799-2107,愛媛県,今治市,波方町西浦,4-8-17,フォレスト波方町西浦106
森川幸真,モリカワユキマサ,0975806181,yukimasa20504@gnnbgsm.yzy.qq,872-0673,大分県,宇佐市,安心院町口ノ坪,1-17-2,
依田小梅,イダコウメ,0972215084,koume3330@exagbehjy.abws.dt,879-0626,大分県,豊後高田市,今町,3-2,
川添秀明,カワゾエヒデアキ,0227204065,hideaki32196@ycgs.gq,981-4229,宮城県,加美郡加美町,薬師堂,2-19,
前田佳奈子,マエダカナコ,0957472706,kanako24249@itbvvtixwv.xgt.pn,857-0878,長崎県,佐世保市,山県町,1-7-17,
坪井治郎,ツボイジロウ,0282622936,jirou5216@oocoayerq.ixa,325-0116,栃木県,那須塩原市,木綿畑,3-8,木綿畑ヴィレッジ412
新谷頼子,アラヤヨリコ,0185503600,yorikoaraya@hjitcavw.zcwis.pph,019-2121,秋田県,大仙市,北野目,1-11,
小泉克哉,コイズミカツヤ,0922524484,katsuya_koizumi@kgzvfl.tm,816-0924,福岡県,大野城市,栄町,4-16-10,栄町タウン304
荒川義明,アラカワヨシアキ,0223604803,yoshiaki5885@hnrrm.gil,987-0425,宮城県,登米市,南方町沼向,1-2-8,
東杏奈,アズマアンナ,0551145094,amna64651@qpxqkpcuq.xx,430-0854,静岡県,浜松市中区,瓜内町,3-11-20,
谷村孝之,タニムラタカユキ,0878312034,takayuki09490@woofhvpit.cx,760-0027,香川県,高松市,紺屋町,3-14-20,
西口鉄夫,ニシグチテツオ,0586191910,tetsuo47013@oroc.rn.nx,500-8416,岐阜県,岐阜市,加納徳川町,3-17-7,
土谷和利,ツチヤカズトシ,0832198331,kazutoshi_tsuchiya@mkkffs.bxu,740-1202,山口県,岩国市,美和町北中山,2-7-2,
川本萌,カワモトモエ,0257034566,Moe_Kawamoto@ogoaakiavz.neh,949-8444,新潟県,十日町市,清田山,4-1-19,清田山アパート108
秦陽菜子,ハタヒナコ,0779618058,Hinako_Hata@dzmuybk.tc.din,916-0051,福井県,鯖江市,屋形町,4-9-17,スイート屋形町315
川合裕美子,カワイユミコ,055442721,yumiko_kawai@nxcoceci.okn,400-0067,山梨県,甲府市,長松寺町,1-15-17,
舟木清司,フナキキヨシ,0748242741,ifunaki@girudnhccg.rf,523-0881,滋賀県,近江八幡市,佐久間町,4-8,
角田柚衣,カクタユイ,0858599033,yui403@mrjfetz.fioxj.vh,681-0033,鳥取県,岩美郡岩美町,鳥越,1-13,
井田小梅,イダコウメ,0288685131,Koume_Ida@yvglvpxtw.gxl.nhy,329-0504,栃木県,下野市,上台,1-8-1,
野本博満,ノモトヒロミツ,0199522510,Hiromitsu_Nomoto@lfsqzurdd.bd,028-6222,岩手県,九戸郡軽米町,山内,4-20,
大高花穂,オオダカカホ,0223466504,kaho_oodaka@nxuumieyo.zq,981-3216,宮城県,仙台市泉区,小角,2-13,
